{"cameraMode":{"drawMode":0,"name":"Shaded","section":"Shading Mode"},"sceneLighting":false,"audioPlay":false,"sceneViewState":{"showFog":true,"showMaterialUpdate":false,"showSkybox":false,"showFlares":true,"showImageEffects":true,"showParticleSystems":true},"in2DMode":false,"pivot":{"x":0.056824684143066409,"y":0.13259053230285645,"z":-0.31391000747680666},"rotation":{"x":-0.08949148654937744,"y":0.897516131401062,"z":-0.2142312228679657,"w":-0.37492111325263979},"size":2.558661699295044,"orthographic":false}