{"cameraMode":{"drawMode":0,"name":"Shaded","section":"Shading Mode"},"sceneLighting":false,"audioPlay":false,"sceneViewState":{"showFog":true,"showMaterialUpdate":false,"showSkybox":false,"showFlares":true,"showImageEffects":true,"showParticleSystems":true},"in2DMode":false,"pivot":{"x":-0.8040329813957214,"y":0.6753236651420593,"z":-0.2617339491844177},"rotation":{"x":0.2713260054588318,"y":0.45920437574386599,"z":-0.14963291585445405,"w":0.8326765894889832},"size":0.3549399971961975,"orthographic":false}