{"cameraMode":{"drawMode":0,"name":"Shaded","section":"Shading Mode"},"sceneLighting":false,"audioPlay":false,"sceneViewState":{"showFog":true,"showMaterialUpdate":false,"showSkybox":false,"showFlares":true,"showImageEffects":true,"showParticleSystems":true},"in2DMode":false,"pivot":{"x":0.0030000030528753998,"y":0.003000003518536687,"z":0.002999998861923814},"rotation":{"x":0.1735868752002716,"y":-0.5579495429992676,"z":0.12066095322370529,"w":0.802554190158844},"size":0.031436748802661899,"orthographic":true}