{"cameraMode":{"drawMode":0,"name":"Shaded","section":"Shading Mode"},"sceneLighting":false,"audioPlay":false,"sceneViewState":{"showFog":true,"showMaterialUpdate":false,"showSkybox":false,"showFlares":true,"showImageEffects":true,"showParticleSystems":true},"in2DMode":false,"pivot":{"x":0.2809838652610779,"y":5.063426494598389,"z":-0.1941758394241333},"rotation":{"x":-0.044890936464071277,"y":-0.9066580533981323,"z":0.09998036921024323,"w":-0.4075002670288086},"size":1.6500413417816163,"orthographic":false}