{"cameraMode":{"drawMode":0,"name":"Shaded","section":"Shading Mode"},"sceneLighting":false,"audioPlay":false,"sceneViewState":{"showFog":true,"showMaterialUpdate":false,"showSkybox":false,"showFlares":true,"showImageEffects":true,"showParticleSystems":true},"in2DMode":false,"pivot":{"x":0.49169921875,"y":-0.12744140625,"z":0.564453125},"rotation":{"x":0.21701635420322419,"y":-0.36556997895240786,"z":0.08807452768087387,"w":0.9008593559265137},"size":4.818243503570557,"orthographic":true}