{"cameraMode":{"drawMode":0,"name":"Shaded","section":"Shading Mode"},"sceneLighting":false,"audioPlay":false,"sceneViewState":{"showFog":true,"showMaterialUpdate":false,"showSkybox":false,"showFlares":true,"showImageEffects":true,"showParticleSystems":true},"in2DMode":false,"pivot":{"x":1.862645149230957e-8,"y":-0.028098106384277345,"z":-0.05924779921770096},"rotation":{"x":0.23611927032470704,"y":0.03495917469263077,"z":-0.008490432053804398,"w":0.9711750149726868},"size":0.24124126136302949,"orthographic":false}