{"cameraMode":{"drawMode":0,"name":"Shaded","section":"Shading Mode"},"sceneLighting":false,"audioPlay":false,"sceneViewState":{"showFog":true,"showMaterialUpdate":false,"showSkybox":false,"showFlares":true,"showImageEffects":true,"showParticleSystems":true},"in2DMode":false,"pivot":{"x":19.04764175415039,"y":-12.255696296691895,"z":-37.18811798095703},"rotation":{"x":0.2559228837490082,"y":0.3666868209838867,"z":-0.10563588887453079,"w":0.8883200883865356},"size":1.042895793914795,"orthographic":false}