{"cameraMode":{"drawMode":0,"name":"Shaded","section":"Shading Mode"},"sceneLighting":false,"audioPlay":false,"sceneViewState":{"showFog":true,"showMaterialUpdate":false,"showSkybox":false,"showFlares":true,"showImageEffects":true,"showParticleSystems":true},"in2DMode":false,"pivot":{"x":-0.003445535898208618,"y":0.00039496831595897675,"z":0.0018190927803516389},"rotation":{"x":-0.19166181981563569,"y":0.6051669120788574,"z":-0.15308977663516999,"w":-0.7574440836906433},"size":13.899861335754395,"orthographic":false}