{"cameraMode":{"drawMode":0,"name":"Shaded","section":"Shading Mode"},"sceneLighting":false,"audioPlay":false,"sceneViewState":{"showFog":true,"showMaterialUpdate":false,"showSkybox":false,"showFlares":true,"showImageEffects":true,"showParticleSystems":true},"in2DMode":false,"pivot":{"x":0.32000017166137698,"y":0.9539999961853027,"z":0.5300000309944153},"rotation":{"x":0.16681835055351258,"y":0.4791908860206604,"z":-0.0932936817407608,"w":0.8566849827766419},"size":22.0,"orthographic":false}