{"cameraMode":{"drawMode":0,"name":"Shaded","section":"Shading Mode"},"sceneLighting":false,"audioPlay":false,"sceneViewState":{"showFog":true,"showMaterialUpdate":false,"showSkybox":false,"showFlares":true,"showImageEffects":true,"showParticleSystems":true},"in2DMode":false,"pivot":{"x":0.05268419533967972,"y":0.5727226138114929,"z":0.8708414435386658},"rotation":{"x":-0.1237824484705925,"y":0.8706492781639099,"z":-0.27967381477355959,"w":-0.3853663206100464},"size":1.9500412940979005,"orthographic":false}