{"cameraMode":{"drawMode":0,"name":"Shaded","section":"Shading Mode"},"sceneLighting":false,"audioPlay":false,"sceneViewState":{"showFog":true,"showMaterialUpdate":false,"showSkybox":false,"showFlares":true,"showImageEffects":true,"showParticleSystems":true},"in2DMode":false,"pivot":{"x":0.09086906909942627,"y":5.016573429107666,"z":-0.002776205539703369},"rotation":{"x":0.15446217358112336,"y":0.4728361666202545,"z":-0.08456697314977646,"w":0.863506019115448},"size":1.6500413417816163,"orthographic":false}