{"cameraMode":{"drawMode":0,"name":"Shaded","section":"Shading Mode"},"sceneLighting":false,"audioPlay":false,"sceneViewState":{"showFog":true,"showMaterialUpdate":false,"showSkybox":false,"showFlares":true,"showImageEffects":true,"showParticleSystems":true},"in2DMode":false,"pivot":{"x":-0.09321698546409607,"y":-0.014201134443283081,"z":-0.03160414099693298},"rotation":{"x":0.07703002542257309,"y":-0.8755926489830017,"z":0.14876540005207063,"w":0.45317596197128298},"size":0.4591202735900879,"orthographic":false}