{"cameraMode":{"drawMode":0,"name":"Shaded","section":"Shading Mode"},"sceneLighting":false,"audioPlay":false,"sceneViewState":{"showFog":true,"showMaterialUpdate":false,"showSkybox":false,"showFlares":true,"showImageEffects":true,"showParticleSystems":true},"in2DMode":false,"pivot":{"x":0.0,"y":0.0340765006840229,"z":0.06380052864551544},"rotation":{"x":-0.04459361359477043,"y":0.9217093586921692,"z":-0.11143094301223755,"w":-0.3688899874687195},"size":0.2857883870601654,"orthographic":false}