{"cameraMode":{"drawMode":0,"name":"Shaded","section":"Shading Mode"},"sceneLighting":false,"audioPlay":false,"sceneViewState":{"showFog":true,"showMaterialUpdate":false,"showSkybox":false,"showFlares":true,"showImageEffects":true,"showParticleSystems":true},"in2DMode":false,"pivot":{"x":0.2848742604255676,"y":0.1855607032775879,"z":-0.2430868148803711},"rotation":{"x":-0.23413853347301484,"y":0.13856886327266694,"z":-0.033734772354364398,"w":-0.9617263078689575},"size":1.6354988813400269,"orthographic":false}