{"cameraMode":{"drawMode":0,"name":"Shaded","section":"Shading Mode"},"sceneLighting":false,"audioPlay":false,"sceneViewState":{"showFog":true,"showMaterialUpdate":false,"showSkybox":false,"showFlares":true,"showImageEffects":true,"showParticleSystems":true},"in2DMode":false,"pivot":{"x":-0.0012510567903518677,"y":0.01514635980129242,"z":-0.01831667125225067},"rotation":{"x":-0.04459361359477043,"y":0.9217093586921692,"z":-0.11143094301223755,"w":-0.3688899874687195},"size":0.285788357257843,"orthographic":false}